Model,MSE,R²
Ridge,5.795140024262944,0.7135451330153435
Lasso,5.773372972269968,0.7146210825104705
